id,name,video_url,movement_type,body_focus
306,"""Reach","Lift""",strength,"[""full-body""]"
16,"15 MIN BEGINNER CARDIO WORKOUT (No Jumping, Small Space Friendly, No Equipment)",https://www.youtube.com/watch?v=3oitzTfujXs,Cardio,"[""Full Body""]"
48,15 MIN TOTAL CORE/AB WORKOUT (At Home No Equipment),https://www.youtube.com/watch?v=glxrwC9zsHY,,"[""Full Body""]"
14,"20 MIN LAZY GIRL FULL BODY WORKOUT - No Jumping, Low Impact, Laying Down",https://www.youtube.com/watch?v=cMa-q4KS5dE,,"[""Full Body""]"
43,30 MIN FULL BODY FAT BURN HIIT (No Jumping &amp; Low Impact),https://www.youtube.com/watch?v=u3h_Yr40rhg,,"[""Full Body""]"
27,7 MIN DAILY ABS WORKOUT - At Home Total Core Workout,https://www.youtube.com/watch?v=UhgEocboADQ,,"[""Full Body""]"
377,90/90 Wall Balloon-Breathing,https://www.youtube.com/watch?v=fwOUp7Jku0w,,"[""Full Body""]"
127,90/90 Wall Balloon-Breathing,https://www.youtube.com/watch?v=fwOUp7Jku0w,strength,"[""full-body""]"
427,90/90 Wall Balloon-Breathing,https://www.youtube.com/watch?v=fwOUp7Jku0w,,"[""Full Body""]"
413,Ab Wheel Iso,https://www.youtube.com/watch?v=gyhdObhnxjw,,"[""Full Body""]"
117,Ab Wheel Iso,https://www.youtube.com/watch?v=gyhdObhnxjw,strength,"[""core""]"
363,Ab Wheel Iso,https://www.youtube.com/watch?v=gyhdObhnxjw,,"[""Full Body""]"
120,Ab Wheel Iso,https://www.youtube.com/watch?v=oYanDivdClU,strength,"[""core""]"
395,Ab Wheel Rollout,https://www.youtube.com/watch?v=qFp5JzdquAI,,"[""Full Body""]"
129,Ab Wheel Rollout,https://www.youtube.com/watch?v=R3jbna-ytkk,strength,"[""core""]"
121,Ab Wheel Rollout,https://www.youtube.com/watch?v=qFp5JzdquAI,strength,"[""core""]"
345,Ab Wheel Rollout,https://www.youtube.com/watch?v=qFp5JzdquAI,,"[""Full Body""]"
134,Adductor Mobilization,https://www.youtube.com/watch?v=_LFqmZHQL2g,strength,"[""full-body""]"
398,Adductor Mobilization,https://www.youtube.com/watch?v=_LFqmZHQL2g,,"[""Full Body""]"
119,Adductor Mobilization,https://www.youtube.com/watch?v=mKKPXUWDDFo,strength,"[""full-body""]"
348,Adductor Mobilization,https://www.youtube.com/watch?v=_LFqmZHQL2g,,"[""Full Body""]"
130,Alternating Barbell Split Jump,https://www.youtube.com/watch?v=RtkM_vVZh-A,strength,"[""full-body""]"
378,Alternating Barbell Split Jump,https://www.youtube.com/watch?v=RtkM_vVZh-A,,"[""Full Body""]"
428,Alternating Barbell Split Jump,https://www.youtube.com/watch?v=RtkM_vVZh-A,,"[""Full Body""]"
133,Alternating Barbell Split Jump,https://www.youtube.com/watch?v=Y9ASJT-UDNo,strength,"[""full-body""]"
142,Alternating Bodyweight Split Jump,https://www.youtube.com/watch?v=5UXjsnmrgwE,strength,"[""full-body""]"
136,Alternating Bodyweight Split Jump,https://www.youtube.com/watch?v=a91-Vu1u_dI,strength,"[""full-body""]"
422,Alternating Bodyweight Split Jump,https://www.youtube.com/watch?v=a91-Vu1u_dI,,"[""Full Body""]"
372,Alternating Bodyweight Split Jump,https://www.youtube.com/watch?v=a91-Vu1u_dI,,"[""Full Body""]"
343,Alternating Dumbbell Bench Press,https://www.youtube.com/watch?v=_zbZ-l_Mat8,Strength,"[""Full Body""]"
393,Alternating Dumbbell Bench Press,https://www.youtube.com/watch?v=_zbZ-l_Mat8,Strength,"[""Full Body""]"
355,Alternating Dumbbell Bench Press,https://www.youtube.com/watch?v=Ho8fA1ju0J0,Strength,"[""Full Body""]"
405,Alternating Dumbbell Bench Press,https://www.youtube.com/watch?v=Ho8fA1ju0J0,Strength,"[""Full Body""]"
135,Alternating Dumbbell Bench Press,https://www.youtube.com/watch?v=_zbZ-l_Mat8,strength,"[""upper-body""]"
146,Alternating Dumbbell Bench Press,https://www.youtube.com/watch?v=Ho8fA1ju0J0,strength,"[""upper-body""]"
388,Alternating Dumbbell Curl,https://www.youtube.com/watch?v=-skLK9YSRus,Strength,"[""Full Body""]"
338,Alternating Dumbbell Curl,https://www.youtube.com/watch?v=-skLK9YSRus,Strength,"[""Full Body""]"
139,Alternating Dumbbell Curl,https://www.youtube.com/watch?v=0tNGXZleg24,strength,"[""full-body""]"
138,Alternating Dumbbell Curl,https://www.youtube.com/watch?v=-skLK9YSRus,strength,"[""full-body""]"
122,Alternating Dumbell Split Jump,https://www.youtube.com/watch?v=s8jLKMCYriM,strength,"[""full-body""]"
143,Alternating Dumbell Split Jump,https://www.youtube.com/watch?v=7cVPUk8dXq4,strength,"[""full-body""]"
137,Alternating Goblet Reverse Lunge With Blocked Knee,https://www.youtube.com/watch?v=EFT7AwCpc4I,strength,"[""lower-body""]"
361,Alternating Goblet Reverse Lunge With Blocked Knee,https://www.youtube.com/watch?v=mJ1QsjZpw10,,"[""Full Body""]"
118,Alternating Goblet Reverse Lunge With Blocked Knee,https://www.youtube.com/watch?v=mJ1QsjZpw10,strength,"[""lower-body""]"
411,Alternating Goblet Reverse Lunge With Blocked Knee,https://www.youtube.com/watch?v=mJ1QsjZpw10,,"[""Full Body""]"
341,Alternating Lateral Lunge Walk,https://www.youtube.com/watch?v=XoKx8eQMElQ,Cardio,"[""Full Body""]"
391,Alternating Lateral Lunge Walk,https://www.youtube.com/watch?v=XoKx8eQMElQ,Cardio,"[""Full Body""]"
132,Alternating Lateral Lunge Walk,https://www.youtube.com/watch?v=XoKx8eQMElQ,cardiovascular,"[""lower-body"", ""cardio""]"
158,Anderson Front Squat,https://www.youtube.com/watch?v=47kDGTflr20,strength,"[""lower-body""]"
126,App Explainer For Reg_210225,https://www.youtube.com/watch?v=zkMNhKFojv0,strength,"[""full-body""]"
151,Assisted Bodyweight Squat to Box,https://www.youtube.com/watch?v=e51lkr3K20M,strength,"[""lower-body""]"
416,Assisted Lateral Squat,https://www.youtube.com/watch?v=hTsWrA9PSHA,Strength,"[""Full Body""]"
366,Assisted Lateral Squat,https://www.youtube.com/watch?v=hTsWrA9PSHA,Strength,"[""Full Body""]"
148,Assisted Lateral Squat,https://www.youtube.com/watch?v=hTsWrA9PSHA,strength,"[""lower-body""]"
147,Assisted Reverse Lunge With Blocked Knee,https://www.youtube.com/watch?v=ajHqeSS54n4,strength,"[""lower-body""]"
408,Assisted Reverse Lunge With Blocked Knee,https://www.youtube.com/watch?v=ajHqeSS54n4,,"[""Full Body""]"
358,Assisted Reverse Lunge With Blocked Knee,https://www.youtube.com/watch?v=ajHqeSS54n4,,"[""Full Body""]"
149,Band Press-Down,https://www.youtube.com/watch?v=amC_ncSPjZY,strength,"[""upper-body""]"
347,Band Pull-Apart,https://www.youtube.com/watch?v=liaxBZIdP7g,,"[""Full Body""]"
153,Band Pull-Apart,https://www.youtube.com/watch?v=liaxBZIdP7g,strength,"[""upper-body""]"
397,Band Pull-Apart,https://www.youtube.com/watch?v=liaxBZIdP7g,,"[""Full Body""]"
352,Band Stomp,https://www.youtube.com/watch?v=bFufUNtLqUw,,"[""Full Body""]"
402,Band Stomp,https://www.youtube.com/watch?v=bFufUNtLqUw,,"[""Full Body""]"
150,Band Stomp,https://www.youtube.com/watch?v=bFufUNtLqUw,strength,"[""full-body""]"
156,Band-Assisted Chin-Up,https://www.youtube.com/watch?v=T2fqfULPj2I,strength,"[""full-body""]"
152,Band-Assisted Inverted Row,https://www.youtube.com/watch?v=eOCUW63XeO8,strength,"[""upper-body""]"
157,Band-Assisted Neutral-Grip Pull-Up,https://www.youtube.com/watch?v=03DDGXj-9ZA,strength,"[""upper-body""]"
407,Band-Assisted Pull-Up,https://www.youtube.com/watch?v=nWUU6LfApv0,,"[""Full Body""]"
154,Band-Assisted Pull-Up,https://www.youtube.com/watch?v=nWUU6LfApv0,strength,"[""upper-body""]"
357,Band-Assisted Pull-Up,https://www.youtube.com/watch?v=nWUU6LfApv0,,"[""Full Body""]"
160,Band-Assisted Pushup,https://www.youtube.com/watch?v=IczycfOOBck,strength,"[""upper-body""]"
333,Band-Assisted Pushup,https://www.youtube.com/watch?v=IczycfOOBck,,"[""Full Body""]"
383,Band-Assisted Pushup,https://www.youtube.com/watch?v=IczycfOOBck,,"[""Full Body""]"
337,Band-Resisted Ab Wheel Iso,https://www.youtube.com/watch?v=9z8dtaNz4EA,,"[""Full Body""]"
387,Band-Resisted Ab Wheel Iso,https://www.youtube.com/watch?v=9z8dtaNz4EA,,"[""Full Body""]"
159,Band-Resisted Ab Wheel Iso,https://www.youtube.com/watch?v=9z8dtaNz4EA,strength,"[""core""]"
155,Band-Resisted Glute Bridge,https://www.youtube.com/watch?v=MhhC2E1zZ_E,strength,"[""lower-body""]"
339,Band-Resisted Glute Bridge,https://www.youtube.com/watch?v=MhhC2E1zZ_E,,"[""Full Body""]"
389,Band-Resisted Glute Bridge,https://www.youtube.com/watch?v=MhhC2E1zZ_E,,"[""Full Body""]"
50,Band-Resisted Goblet Squat,https://www.youtube.com/watch?v=biOKxrfbdlY,Strength,"[""Full Body""]"
55,Band-Resisted Pull-Up,https://www.youtube.com/watch?v=1TJKSq9TcXI,,"[""Full Body""]"
51,Band-Resisted Pushup,https://www.youtube.com/watch?v=u7QnowXDjYE,,"[""Full Body""]"
56,Band-Resisted Ring Pushup,https://www.youtube.com/watch?v=o2IpgYPmSyY,,"[""Full Body""]"
52,Band-Resisted Scapular Pushup,https://www.youtube.com/watch?v=tteASE_vcQk,,"[""Full Body""]"
63,Band-Resisted Squat,https://www.youtube.com/watch?v=QPVj9zvDgpw,Strength,"[""Full Body""]"
64,Banded Curl,https://www.youtube.com/watch?v=AVYsCQ_iGzs,Strength,"[""Full Body""]"
68,Banded External Rotation at 30 Degrees Abduction,https://www.youtube.com/watch?v=sVs234-ruyM,,"[""Full Body""]"
59,Banded External Rotation at 90 Degrees Abduction,https://www.youtube.com/watch?v=M4uQkI7bHI8,,"[""Full Body""]"
70,Banded Face Pull,https://www.youtube.com/watch?v=fgSbZJ_XHfA,,"[""Full Body""]"
53,Banded Hip Extension,https://www.youtube.com/watch?v=j0FCrPUuvcM,,"[""Full Body""]"
67,Banded No Money,https://www.youtube.com/watch?v=Tqu3_D00h2E,,"[""Full Body""]"
66,Banded Pull-Down,https://www.youtube.com/watch?v=FwkJXHGYk8o,,"[""Full Body""]"
71,Banded Scapular Protraction,https://www.youtube.com/watch?v=siub6CnhOPw,,"[""Full Body""]"
62,Barbell Back Squat,https://www.youtube.com/watch?v=CuEc33hWb4Y,Strength,"[""Full Body""]"
61,Barbell Bench Press,https://www.youtube.com/watch?v=ONjwKPYiG4w,Strength,"[""Full Body""]"
73,Barbell Bench Press From Pins,https://www.youtube.com/watch?v=sXjD8sfUGlg,Strength,"[""Full Body""]"
54,Barbell Box Squat,https://www.youtube.com/watch?v=R2By3KfMc58,Strength,"[""Full Body""]"
74,Barbell Curl,https://www.youtube.com/watch?v=m9_ToHglpjE,Strength,"[""Full Body""]"
60,Barbell Deadlift,https://www.youtube.com/watch?v=W6oP5xJHkFQ,Strength,"[""Full Body""]"
58,Barbell Floor Press,https://www.youtube.com/watch?v=JJPQIXP1EWk,Strength,"[""Full Body""]"
65,Barbell Front Squat,https://www.youtube.com/watch?v=ABg7luSIogM,Strength,"[""Full Body""]"
57,Barbell Front Squat Iso,https://www.youtube.com/watch?v=lIBNIzsWGTM,Strength,"[""Full Body""]"
69,Barbell Front Squat to Box,https://www.youtube.com/watch?v=KZXxiUAqqh8,Strength,"[""Full Body""]"
72,Barbell Glute Bridge,https://www.youtube.com/watch?v=V3gvnSlNQmk,,"[""Full Body""]"
49,Barbell Hip Thrust,https://www.youtube.com/watch?v=56Knh4AdxEI,,"[""Full Body""]"
75,Barbell Hip Thrust,https://www.youtube.com/watch?v=56Knh4AdxEI,,"[""Full Body""]"
180,Barbell Overhead Shrug,https://www.youtube.com/watch?v=RsAYW2o36CA,strength,"[""full-body""]"
420,Barbell Push Press,https://www.youtube.com/watch?v=g4jjxrpgLHM,Strength,"[""Full Body""]"
169,Barbell Push Press,https://www.youtube.com/watch?v=g4jjxrpgLHM,strength,"[""upper-body""]"
370,Barbell Push Press,https://www.youtube.com/watch?v=g4jjxrpgLHM,Strength,"[""Full Body""]"
170,Barbell Reverse Lunge,https://www.youtube.com/watch?v=iHLQoQBcvVE,strength,"[""lower-body""]"
381,Barbell Reverse Lunge,https://www.youtube.com/watch?v=iHLQoQBcvVE,,"[""Full Body""]"
431,Barbell Reverse Lunge,https://www.youtube.com/watch?v=iHLQoQBcvVE,,"[""Full Body""]"
172,Barbell Reverse Lunge With a Front Squat Grip,https://www.youtube.com/watch?v=5m9QxcThhxE,strength,"[""lower-body""]"
175,Barbell Romanian Deadlift,https://www.youtube.com/watch?v=BW0Kh9DyDPE,strength,"[""full-body""]"
164,Barbell Slideboard Reverse Lunge,https://www.youtube.com/watch?v=TQN7Kna-4U4,strength,"[""lower-body""]"
165,Barbell Split Squat,https://www.youtube.com/watch?v=X2ma6SANyZk,strength,"[""lower-body""]"
161,Barbell Sumo Deadlift,https://www.youtube.com/watch?v=ogkdhWVfjIE,strength,"[""full-body""]"
177,Bear Crawl,https://www.youtube.com/watch?v=PC-RHLa9mmA,strength,"[""full-body""]"
171,Bent-Over Dumbbell Row,https://www.youtube.com/watch?v=5YG4RuyoxcM,strength,"[""upper-body""]"
396,Bent-Over Dumbbell Row,https://www.youtube.com/watch?v=5YG4RuyoxcM,,"[""Full Body""]"
346,Bent-Over Dumbbell Row,https://www.youtube.com/watch?v=5YG4RuyoxcM,,"[""Full Body""]"
163,Bird Dog,https://www.youtube.com/watch?v=SszoTQs6q9Y,strength,"[""full-body""]"
167,Bodyweight Cross-Over Step-Up,https://www.youtube.com/watch?v=_EaSo93jnXU,strength,"[""full-body""]"
174,Bodyweight Get-Up,https://www.youtube.com/watch?v=9OZv39ct-7o,strength,"[""full-body""]"
336,Bodyweight Lateral Lunge With Assistance,https://www.youtube.com/watch?v=PWBPeCl6CoI,,"[""Full Body""]"
178,Bodyweight Lateral Lunge With Assistance,https://www.youtube.com/watch?v=PWBPeCl6CoI,strength,"[""lower-body""]"
386,Bodyweight Lateral Lunge With Assistance,https://www.youtube.com/watch?v=PWBPeCl6CoI,,"[""Full Body""]"
179,Bodyweight Lateral Squat,https://www.youtube.com/watch?v=PuLp7QAV6ZI,strength,"[""lower-body""]"
351,Bodyweight Reverse Lunge With Blocked Knee,https://www.youtube.com/watch?v=cv-B2kJanb0,,"[""Full Body""]"
401,Bodyweight Reverse Lunge With Blocked Knee,https://www.youtube.com/watch?v=cv-B2kJanb0,,"[""Full Body""]"
168,Bodyweight Reverse Lunge With Blocked Knee,https://www.youtube.com/watch?v=cv-B2kJanb0,strength,"[""lower-body""]"
173,Bodyweight Split Squat With Blocked Knee,https://www.youtube.com/watch?v=5mAx_tzQLIw,strength,"[""lower-body""]"
365,Bodyweight Split Squat With Blocked Knee,https://www.youtube.com/watch?v=5mAx_tzQLIw,Strength,"[""Full Body""]"
415,Bodyweight Split Squat With Blocked Knee,https://www.youtube.com/watch?v=5mAx_tzQLIw,Strength,"[""Full Body""]"
162,Bodyweight Squat Thrust,https://www.youtube.com/watch?v=vg6p96rE5PU,strength,"[""lower-body""]"
166,Bodyweight Squat to Box,https://www.youtube.com/watch?v=YC1s3RMGS8M,strength,"[""lower-body""]"
176,Bodyweight Step-Up,https://www.youtube.com/watch?v=Id-aJcXX8s8,strength,"[""full-body""]"
430,Bodyweight Step-Up,https://www.youtube.com/watch?v=Id-aJcXX8s8,,"[""Full Body""]"
380,Bodyweight Step-Up,https://www.youtube.com/watch?v=Id-aJcXX8s8,,"[""Full Body""]"
384,Bowler Squat,https://www.youtube.com/watch?v=Eh1K71L3IwI,Strength,"[""Full Body""]"
209,Bowler Squat,https://www.youtube.com/watch?v=Eh1K71L3IwI,strength,"[""lower-body""]"
334,Bowler Squat,https://www.youtube.com/watch?v=Eh1K71L3IwI,Strength,"[""Full Body""]"
184,Brady Band Series,https://www.youtube.com/watch?v=kzBvYQTadIo,strength,"[""full-body""]"
183,Brady Band Series - Without Band,https://www.youtube.com/watch?v=jbFQl49isI4,strength,"[""full-body""]"
207,Burpee,https://www.youtube.com/watch?v=BuY1rvqXTsw,strength,"[""full-body""]"
354,Burpee,https://www.youtube.com/watch?v=BuY1rvqXTsw,,"[""Full Body""]"
404,Burpee,https://www.youtube.com/watch?v=BuY1rvqXTsw,,"[""Full Body""]"
410,Burpee Without Pushup,https://www.youtube.com/watch?v=5OXmnzGFClU,,"[""Full Body""]"
203,Burpee Without Pushup,https://www.youtube.com/watch?v=5OXmnzGFClU,strength,"[""upper-body""]"
360,Burpee Without Pushup,https://www.youtube.com/watch?v=5OXmnzGFClU,,"[""Full Body""]"
186,Cable External Rotation at 30 Degrees Abduction,https://www.youtube.com/watch?v=ogBNjiziPXk,strength,"[""core""]"
367,Cable External Rotation at 30 Degrees Abduction,https://www.youtube.com/watch?v=ogBNjiziPXk,,"[""Full Body""]"
417,Cable External Rotation at 30 Degrees Abduction,https://www.youtube.com/watch?v=ogBNjiziPXk,,"[""Full Body""]"
340,Cable External Rotation at 90 Degrees Abduction,https://www.youtube.com/watch?v=6MfGggayWVQ,,"[""Full Body""]"
204,Cable External Rotation at 90 Degrees Abduction,https://www.youtube.com/watch?v=6MfGggayWVQ,strength,"[""core""]"
390,Cable External Rotation at 90 Degrees Abduction,https://www.youtube.com/watch?v=6MfGggayWVQ,,"[""Full Body""]"
362,Cable External Rotation on Knee,https://www.youtube.com/watch?v=_wJ04msDU0g,,"[""Full Body""]"
199,Cable External Rotation on Knee,https://www.youtube.com/watch?v=_wJ04msDU0g,strength,"[""core""]"
412,Cable External Rotation on Knee,https://www.youtube.com/watch?v=_wJ04msDU0g,,"[""Full Body""]"
399,Cable Pull-Down,https://www.youtube.com/watch?v=76IhGAie_BI,,"[""Full Body""]"
349,Cable Pull-Down,https://www.youtube.com/watch?v=76IhGAie_BI,,"[""Full Body""]"
205,Cable Pull-Down,https://www.youtube.com/watch?v=76IhGAie_BI,strength,"[""upper-body"", ""core""]"
9,Chair-Based Upper Body Stretch,https://www.youtube.com/watch?v=3EMSCHVsEFc,,
374,Chest-Supported Dumbbell Row,https://www.youtube.com/watch?v=uvx76WZG1rM,,"[""Full Body""]"
424,Chest-Supported Dumbbell Row,https://www.youtube.com/watch?v=uvx76WZG1rM,,"[""Full Body""]"
187,Chest-Supported Dumbbell Row,https://www.youtube.com/watch?v=uvx76WZG1rM,strength,"[""upper-body""]"
197,Chest-Supported Dumbbell Row Iso,https://www.youtube.com/watch?v=X5TD5xdKTu0,strength,"[""upper-body""]"
423,Chin-Up,https://www.youtube.com/watch?v=KJnnqBMJjj8,,"[""Full Body""]"
200,Chin-Up,https://www.youtube.com/watch?v=KJnnqBMJjj8,strength,"[""full-body""]"
373,Chin-Up,https://www.youtube.com/watch?v=KJnnqBMJjj8,,"[""Full Body""]"
182,Close-Grip Barbell Bench Press,https://www.youtube.com/watch?v=iF0TFR72904,strength,"[""upper-body""]"
191,Close-Grip Pushup,https://www.youtube.com/watch?v=HxLKq0R0Gw4,strength,"[""upper-body""]"
181,Cross-Body Lat Mobilization,https://www.youtube.com/watch?v=fN1HoWcrhMM,strength,"[""full-body""]"
400,Dead Bug,https://www.youtube.com/watch?v=xx6Atwy3DoY,,"[""Full Body""]"
189,Dead Bug,https://www.youtube.com/watch?v=xx6Atwy3DoY,strength,"[""full-body""]"
350,Dead Bug,https://www.youtube.com/watch?v=xx6Atwy3DoY,,"[""Full Body""]"
196,Dead Bug With Legs Only,https://www.youtube.com/watch?v=U95OOYfkPXU,strength,"[""lower-body""]"
192,Deep Squat Wall Stretch,https://www.youtube.com/watch?v=Ny1wjk-HpkE,flexibility,"[""lower-body""]"
193,Dragon Flag,https://www.youtube.com/watch?v=NywaYUkJ-n0,strength,"[""full-body""]"
201,Dumbbell Bench Press,https://www.youtube.com/watch?v=39DbpHmHUlA,strength,"[""upper-body""]"
414,Dumbbell Cross-Over Step-Up,https://www.youtube.com/watch?v=E8m2rZugLt8,,"[""Full Body""]"
208,Dumbbell Cross-Over Step-Up,https://www.youtube.com/watch?v=E8m2rZugLt8,strength,"[""full-body""]"
364,Dumbbell Cross-Over Step-Up,https://www.youtube.com/watch?v=E8m2rZugLt8,,"[""Full Body""]"
406,Dumbbell Curl,https://www.youtube.com/watch?v=3BllABOTtic,Strength,"[""Full Body""]"
202,Dumbbell Curl,https://www.youtube.com/watch?v=3BllABOTtic,strength,"[""full-body""]"
356,Dumbbell Curl,https://www.youtube.com/watch?v=3BllABOTtic,Strength,"[""Full Body""]"
394,Dumbbell External Rotation on Knee,https://www.youtube.com/watch?v=A4vw566sOQU,,"[""Full Body""]"
206,Dumbbell External Rotation on Knee,https://www.youtube.com/watch?v=A4vw566sOQU,strength,"[""full-body""]"
344,Dumbbell External Rotation on Knee,https://www.youtube.com/watch?v=A4vw566sOQU,,"[""Full Body""]"
353,Dumbbell Floor Press,https://www.youtube.com/watch?v=YubE9M8Ui34,Strength,"[""Full Body""]"
198,Dumbbell Floor Press,https://www.youtube.com/watch?v=YubE9M8Ui34,strength,"[""upper-body""]"
403,Dumbbell Floor Press,https://www.youtube.com/watch?v=YubE9M8Ui34,Strength,"[""Full Body""]"
188,Dumbbell Flye EQI,https://www.youtube.com/watch?v=wbkyEWHiTcM,strength,"[""full-body""]"
342,Dumbbell Flye EQI,https://www.youtube.com/watch?v=wbkyEWHiTcM,,"[""Full Body""]"
392,Dumbbell Flye EQI,https://www.youtube.com/watch?v=wbkyEWHiTcM,,"[""Full Body""]"
210,Dumbbell Full Squat,https://www.youtube.com/watch?v=FGr3e9QJTzE,strength,"[""lower-body""]"
368,Dumbbell Full Squat,https://www.youtube.com/watch?v=FGr3e9QJTzE,Strength,"[""Full Body""]"
418,Dumbbell Full Squat,https://www.youtube.com/watch?v=FGr3e9QJTzE,Strength,"[""Full Body""]"
190,Dumbbell Hammer Curl,https://www.youtube.com/watch?v=yAb_ydjrCLg,strength,"[""full-body""]"
429,Dumbbell Overhead Shrug,https://www.youtube.com/watch?v=lLlTDqZ2cy0,,"[""Full Body""]"
185,Dumbbell Overhead Shrug,https://www.youtube.com/watch?v=lLlTDqZ2cy0,strength,"[""full-body""]"
379,Dumbbell Overhead Shrug,https://www.youtube.com/watch?v=lLlTDqZ2cy0,,"[""Full Body""]"
376,Dumbbell Push Press,https://www.youtube.com/watch?v=Oiu1F14Ayho,Strength,"[""Full Body""]"
194,Dumbbell Push Press,https://www.youtube.com/watch?v=Oiu1F14Ayho,strength,"[""upper-body""]"
426,Dumbbell Push Press,https://www.youtube.com/watch?v=Oiu1F14Ayho,Strength,"[""Full Body""]"
195,Dumbbell Reverse Lunge,https://www.youtube.com/watch?v=TEzLNj4pcV0,strength,"[""lower-body""]"
212,Dumbbell Reverse Lunge From Deficit,https://www.youtube.com/watch?v=e9AtoZ1iWD4,strength,"[""lower-body""]"
240,Dumbbell Reverse Lunge With Blocked Knee,https://www.youtube.com/watch?v=MWQEv3IeByI,strength,"[""lower-body""]"
239,Dumbbell Reverse Lunge to Romanian Deadlift,https://www.youtube.com/watch?v=LSHRaS9UXnI,strength,"[""lower-body""]"
232,Dumbbell Romanian Deadlift,https://www.youtube.com/watch?v=4Q1fbpevyug,strength,"[""full-body""]"
227,Dumbbell Slideboard Reverse Lunge,https://www.youtube.com/watch?v=arK9PURbeuI,strength,"[""lower-body""]"
222,Dumbbell Split Squat,https://www.youtube.com/watch?v=N6GPA5FB_n8,strength,"[""lower-body""]"
221,Dumbbell Squat Thrust,https://www.youtube.com/watch?v=MvP2r-bnhd8,strength,"[""lower-body""]"
230,Dumbbell Step-Up,https://www.youtube.com/watch?v=cd21zwyH7p4,strength,"[""full-body""]"
225,Dumbbell Sumo Deadlift,https://www.youtube.com/watch?v=UPs2GvQSZ2U,strength,"[""full-body""]"
223,Dynamic Blackburn,https://www.youtube.com/watch?v=Pru2Wo2nmpk,strength,"[""full-body""]"
235,Eccentric Chin-Up,https://www.youtube.com/watch?v=DNGHZrADXKQ,strength,"[""full-body""]"
234,Eccentric Pull-Up,https://www.youtube.com/watch?v=CRHxbHDMJAk,strength,"[""upper-body""]"
224,Elbow Plank Bodysaw,https://www.youtube.com/watch?v=S8cRYEgb-JI,strength,"[""core""]"
220,Explosive Pushup,https://www.youtube.com/watch?v=tvAKMvYw9rk,strength,"[""upper-body""]"
215,Face Pull,https://www.youtube.com/watch?v=l8HomIMKAaw,strength,"[""upper-body""]"
211,Feet-Elevated Band-Resisted Pushup,https://www.youtube.com/watch?v=dzclirx8a6E,strength,"[""upper-body""]"
216,Feet-Elevated Pushup,https://www.youtube.com/watch?v=nDw9lP8SvIk,strength,"[""upper-body""]"
233,Feet-Elevated Pushup to Single-Arm Support,https://www.youtube.com/watch?v=CMKmUC6QJ6s,strength,"[""upper-body""]"
238,Feet-Elevated Side Plank,https://www.youtube.com/watch?v=Jx-ba4YDguM,strength,"[""core""]"
226,Fetal-Position Breathing,https://www.youtube.com/watch?v=UYxoElmDeio,strength,"[""full-body""]"
218,Forearm Wall-Slide at 135 Degrees,https://www.youtube.com/watch?v=qYYyC_oIwUY,strength,"[""upper-body""]"
432,Gentle Shoulder Rolls,https://www.youtube.com/watch?v=FP-NnyJ4DIA,Mobility,"[""Shoulders"", ""Upper Body""]"
229,Goblet Lateral Lunge,https://www.youtube.com/watch?v=c8bqYeHQi3c,strength,"[""lower-body""]"
217,Goblet Lateral Lunge Walk,https://www.youtube.com/watch?v=oLHMYvkKAyE,cardiovascular,"[""lower-body"", ""cardio""]"
236,Goblet Lateral Squat,https://www.youtube.com/watch?v=GKbuxJEIeeo,strength,"[""lower-body""]"
214,Goblet Lunge,https://www.youtube.com/watch?v=gMrYuoxjN38,strength,"[""lower-body""]"
219,Goblet Reverse Lunge,https://www.youtube.com/watch?v=syZu1ufoMhk,strength,"[""lower-body""]"
228,Goblet Reverse Lunge With Blocked Knee,https://www.youtube.com/watch?v=bcpGpUqpDyM,strength,"[""lower-body""]"
231,Goblet Split Squat,https://www.youtube.com/watch?v=-FTDMjHFMqo,strength,"[""lower-body""]"
237,Goblet Split Squat With Blocked Knee,https://www.youtube.com/watch?v=HOSLM_P-5Rs,strength,"[""lower-body""]"
213,Goblet Squat,https://www.youtube.com/watch?v=fS9Pt1IXqb4,strength,"[""lower-body""]"
269,Goblet Squat Iso,https://www.youtube.com/watch?v=S7S3npfdAN0,strength,"[""lower-body""]"
246,Goblet Squat With Pulse,https://www.youtube.com/watch?v=s4Al9zNsu78,strength,"[""lower-body""]"
247,Goblet Squat to Box,https://www.youtube.com/watch?v=sR0u2hustt8,strength,"[""lower-body""]"
255,Goblet Step-Up,https://www.youtube.com/watch?v=ZCW7_vinda4,strength,"[""full-body""]"
245,Half Get-Up,https://www.youtube.com/watch?v=ryl9c9h-fng,strength,"[""full-body""]"
256,Half-Kneeling Band Chop,https://www.youtube.com/watch?v=b-9Npg9n7xI,strength,"[""full-body""]"
258,Half-Kneeling Band Lift,https://www.youtube.com/watch?v=cXFm-nXqAfU,strength,"[""full-body""]"
250,Half-Kneeling Band Overhead Shrug,https://www.youtube.com/watch?v=yFg1Tzx1koc,strength,"[""full-body""]"
259,Half-Kneeling Cable Chop,https://www.youtube.com/watch?v=cr9jrIcbpKA,strength,"[""core""]"
241,Half-Kneeling Cable Lift,https://www.youtube.com/watch?v=fJK7KEwxoz4,strength,"[""core""]"
262,Half-Kneeling Pallof Press Iso,https://www.youtube.com/watch?v=6IvdIMlDPpI,strength,"[""upper-body""]"
251,Half-Kneeling Pallof Press Iso With Band,https://www.youtube.com/watch?v=UBv-aN6sXwA,strength,"[""upper-body""]"
249,Hamstring Mobilization With Lacrosse Ball,https://www.youtube.com/watch?v=xPN8N2Mvv_o,strength,"[""lower-body""]"
265,Hand Cross-Over,https://www.youtube.com/watch?v=HeVjHXbb_NU,strength,"[""full-body""]"
244,Hands-Elevated Pushup,https://www.youtube.com/watch?v=qOR_PSePvhU,strength,"[""upper-body""]"
268,Hands-Elevated Pushup to Single-Arm Support,https://www.youtube.com/watch?v=QLhnoWWZnpQ,strength,"[""upper-body""]"
242,Hanging Anti-Lateral Flexion,https://www.youtube.com/watch?v=fKLW-UcfM9A,strength,"[""full-body""]"
254,Hanging Unilateral March,https://www.youtube.com/watch?v=YfIZB8WV0Ug,strength,"[""full-body""]"
263,Hinge to Side Plank,https://www.youtube.com/watch?v=8aFSBYY2jZU,strength,"[""core""]"
266,Hip Flexor Stretch,https://www.youtube.com/watch?v=OzjTfWmv_G8,flexibility,"[""lower-body""]"
270,Hip-Belt Squat,https://www.youtube.com/watch?v=SszFIz-UmI4,strength,"[""lower-body""]"
243,Inchworm,https://www.youtube.com/watch?v=pIeka0plSc4,strength,"[""full-body""]"
261,Inverted Row,https://www.youtube.com/watch?v=4NFyOKkwuwk,strength,"[""upper-body""]"
257,Inverted Row With Feet Elevated,https://www.youtube.com/watch?v=c57I5P2b2MU,strength,"[""upper-body""]"
252,Inverted Row With Weight Vest,https://www.youtube.com/watch?v=UaMZVlyU4w8,strength,"[""upper-body""]"
264,Kettlebell Armbar,https://www.youtube.com/watch?v=EVr1mYdf07k,strength,"[""upper-body""]"
253,Kettlebell Split Squat With Blocked Knee,https://www.youtube.com/watch?v=XvY9j3Vb9dA,strength,"[""lower-body""]"
248,Knees-to-Feet Drill,https://www.youtube.com/watch?v=tLf_ffpewaE,strength,"[""full-body""]"
34,"LEG DAY WARM UP ROUTINE (dynamic stretching, hip openers, &amp; glute activation)",https://www.youtube.com/watch?v=DgjiFOKWsfg,Flexibility,"[""Full Body""]"
260,Landmine Rainbow,https://www.youtube.com/watch?v=d4wjS9dV92c,strength,"[""full-body""]"
267,Lat and Triceps Stretch,https://www.youtube.com/watch?v=PyH4yST4KQo,flexibility,"[""upper-body""]"
290,Lateral Lunge With Overhead Driver,https://www.youtube.com/watch?v=_12KPcJG6TY,strength,"[""lower-body""]"
296,Long-Lever Plank,https://www.youtube.com/watch?v=HSU6YwLK_Bo,strength,"[""core""]"
286,Lying Dumbbell Rolling Triceps Extension,https://www.youtube.com/watch?v=XGqbxlCwwbY,strength,"[""upper-body""]"
279,Lying Dumbbell Tricep Extension,https://www.youtube.com/watch?v=wjlT8bwtXps,strength,"[""upper-body""]"
295,Mountain Climber,https://www.youtube.com/watch?v=DffflppSgog,strength,"[""full-body""]"
283,Neutral-Grip Cable Pull-Down,https://www.youtube.com/watch?v=SUgbpUXubN0,strength,"[""upper-body"", ""core""]"
300,Neutral-Grip Pull-Up,https://www.youtube.com/watch?v=NCJwj8qRHsw,strength,"[""upper-body""]"
298,Neutral-Grip Seated Band Row,https://www.youtube.com/watch?v=Oghg2Ob1oRU,strength,"[""upper-body""]"
285,Neutral-Grip Seated Cable Row,https://www.youtube.com/watch?v=VNe-jLYtgSI,strength,"[""upper-body"", ""core""]"
276,No Money Drill,https://www.youtube.com/watch?v=rfMi6vEoNU4,strength,"[""full-body""]"
125,Nowercise Bands Bicep Curl,https://www.youtube.com/watch?v=zG012FFdTTM,strength,"[""upper-body""]"
421,Nowercise Bands Chest Press,https://www.youtube.com/watch?v=FU4aRI0mL5w,Strength,"[""Full Body""]"
371,Nowercise Bands Chest Press,https://www.youtube.com/watch?v=FU4aRI0mL5w,Strength,"[""Full Body""]"
145,Nowercise Bands Chest Press,https://www.youtube.com/watch?v=FU4aRI0mL5w,strength,"[""upper-body""]"
116,Nowercise Bands Frontal Raises,https://www.youtube.com/watch?v=JKUy1Sd-SFs,strength,"[""full-body""]"
382,Nowercise Bands Frontal Raises,https://www.youtube.com/watch?v=JKUy1Sd-SFs,,"[""Full Body""]"
332,Nowercise Bands Frontal Raises,https://www.youtube.com/watch?v=JKUy1Sd-SFs,,"[""Full Body""]"
140,Nowercise Bands Lateral Raises,https://www.youtube.com/watch?v=3tPQv-adXCA,strength,"[""full-body""]"
425,Nowercise Bands Squats,https://www.youtube.com/watch?v=59vBG3vXctI,Strength,"[""Full Body""]"
141,Nowercise Bands Squats,https://www.youtube.com/watch?v=59vBG3vXctI,strength,"[""lower-body""]"
375,Nowercise Bands Squats,https://www.youtube.com/watch?v=59vBG3vXctI,Strength,"[""Full Body""]"
409,Nowercise Bands Static Lunge,https://www.youtube.com/watch?v=yWBiy_88OOk,,"[""Full Body""]"
359,Nowercise Bands Static Lunge,https://www.youtube.com/watch?v=yWBiy_88OOk,,"[""Full Body""]"
124,Nowercise Bands Static Lunge,https://www.youtube.com/watch?v=yWBiy_88OOk,strength,"[""lower-body""]"
369,Nowercise Club Gentle Session 1,https://www.youtube.com/watch?v=LssQd26hyu4,,"[""Full Body""]"
419,Nowercise Club Gentle Session 1,https://www.youtube.com/watch?v=LssQd26hyu4,,"[""Full Body""]"
128,Nowercise Club Gentle Session 1,https://www.youtube.com/watch?v=LssQd26hyu4,strength,"[""full-body""]"
131,Nowercise Club Intro For Gentle Session,https://www.youtube.com/watch?v=VrS2VlYuLHE,strength,"[""full-body""]"
123,Nowercise Club Welcome Video,https://www.youtube.com/watch?v=ufM9ohj1P_M,strength,"[""full-body""]"
335,Nowercise Club Welcome Video,https://www.youtube.com/watch?v=ufM9ohj1P_M,,"[""Full Body""]"
385,Nowercise Club Welcome Video,https://www.youtube.com/watch?v=ufM9ohj1P_M,,"[""Full Body""]"
299,Offset Dumbbell Cross-Over Step-Up,https://www.youtube.com/watch?v=Ears5yS8SPs,strength,"[""full-body""]"
272,Offset Dumbbell Reverse Lunge,https://www.youtube.com/watch?v=fdNXnmxGFrc,strength,"[""lower-body""]"
287,Offset Dumbbell Reverse Lunge From Deficit,https://www.youtube.com/watch?v=XePCAXQ_Ipg,strength,"[""lower-body""]"
288,Offset Dumbbell Reverse Lunge With Blocked Knee,https://www.youtube.com/watch?v=Y8VgGiWMN2U,strength,"[""lower-body""]"
277,Offset Dumbbell Reverse Lunge to Romanian Deadlift,https://www.youtube.com/watch?v=valYc-8h84E,strength,"[""lower-body""]"
273,Offset Dumbbell Slideboard Reverse Lunge,https://www.youtube.com/watch?v=kJkBNNd_x5s,strength,"[""lower-body""]"
294,Offset Dumbbell Split Squat,https://www.youtube.com/watch?v=DNEGytCJOT8,strength,"[""lower-body""]"
292,Offset Dumbbell Step-Up,https://www.youtube.com/watch?v=1_MiOXVw2iA,strength,"[""full-body""]"
281,Overhead Band Pallof Press,https://www.youtube.com/watch?v=cYIbn2rziA0,strength,"[""upper-body""]"
289,Overhead Band Press,https://www.youtube.com/watch?v=ZkMRsMnqRLY,strength,"[""upper-body""]"
284,Overhead Band Tricep Extension,https://www.youtube.com/watch?v=S_hHulsoFls,strength,"[""upper-body""]"
280,Overhead Barbell Squat,https://www.youtube.com/watch?v=zzw2lWmAXpI,strength,"[""lower-body""]"
291,Overhead Broomstick Squat,https://www.youtube.com/watch?v=1ZWx9EA4ZQM,strength,"[""lower-body""]"
297,Overhead Cable Tricep Extension,https://www.youtube.com/watch?v=IiGdKM4jXp8,strength,"[""upper-body"", ""core""]"
271,Overhead Dumbbell Reverse Lunge,https://www.youtube.com/watch?v=fDORXDuuKoc,strength,"[""lower-body""]"
275,Overhead Dumbbell Reverse Lunge From Deficit,https://www.youtube.com/watch?v=kwSwI1oMrto,strength,"[""lower-body""]"
274,Overhead Offset Dumbbell Reverse Lunge,https://www.youtube.com/watch?v=kadMOuaLhns,strength,"[""lower-body""]"
144,PDF of Nowercise Club Gentle Session2 Deck Presentation,https://www.youtube.com/watch?v=8kKn1NxX1OI,strength,"[""full-body""]"
278,Pallof Press,https://www.youtube.com/watch?v=w3zdDRPKuTI,strength,"[""upper-body""]"
282,Pallof Press Iso,https://www.youtube.com/watch?v=SBS6Dy7PzkQ,strength,"[""upper-body""]"
293,Pallof Press Iso With Band,https://www.youtube.com/watch?v=5DuwWZAZlVs,strength,"[""upper-body""]"
312,Pallof Press With Band,https://www.youtube.com/watch?v=TU1wnh8twi8,strength,"[""upper-body""]"
304,Pallof Press to Overhead,https://www.youtube.com/watch?v=pybT2pfn73M,strength,"[""upper-body""]"
316,Partial-Range Pushup,https://www.youtube.com/watch?v=_pn0Kfqtc68,strength,"[""upper-body""]"
307,Pec Minor Broomstick Mobilization,https://www.youtube.com/watch?v=waVRS7YFsKc,strength,"[""full-body""]"
309,Pec Mobilization With Lacrosse Ball,https://www.youtube.com/watch?v=xcwhM-kg5io,strength,"[""full-body""]"
324,Pigeon Stretch,https://www.youtube.com/watch?v=3lrmHhmJhqk,flexibility,"[""full-body""]"
303,Piriformis Mobilization,https://www.youtube.com/watch?v=pQRnfeMyj5A,strength,"[""full-body""]"
301,Plank,https://www.youtube.com/watch?v=jKviAG_oLYM,strength,"[""core""]"
323,Plank Arm March,https://www.youtube.com/watch?v=3O9hGnISlEs,strength,"[""upper-body"", ""core""]"
314,Plate Squat,https://www.youtube.com/watch?v=VUZl9MxaVTI,strength,"[""lower-body""]"
313,Prisoner Squat,https://www.youtube.com/watch?v=UvUu9jqo3Vs,strength,"[""lower-body""]"
318,Pronated-Grip Seated Band Row,https://www.youtube.com/watch?v=fZ1ACnvKz7c,strength,"[""upper-body""]"
315,Pronated-Grip Seated Cable Row,https://www.youtube.com/watch?v=WKBCqdDtxDY,strength,"[""upper-body"", ""core""]"
326,Prone Hip External Rotation,https://www.youtube.com/watch?v=6qd5LJnWe9E,strength,"[""lower-body""]"
311,Prone Hip Internal Rotation,https://www.youtube.com/watch?v=Q7Q41TgHx54,strength,"[""lower-body""]"
325,Prone Hip-Flexed Rocking,https://www.youtube.com/watch?v=5iIvO-e-3zw,strength,"[""lower-body""]"
310,Prone Row to External Rotation,https://www.youtube.com/watch?v=xsvemSPwZro,strength,"[""upper-body""]"
308,Prone T Raise,https://www.youtube.com/watch?v=wfm7P7RSY4U,strength,"[""full-body""]"
305,Prone Y Raise,https://www.youtube.com/watch?v=sThPvGMLpm8,strength,"[""full-body""]"
320,Prone YTI,https://www.youtube.com/watch?v=imRg9DVg9ck,strength,"[""full-body""]"
319,Pull-Up,https://www.youtube.com/watch?v=iEDMx09Ij6U,strength,"[""upper-body""]"
321,Pull-Up With Iso,https://www.youtube.com/watch?v=-g2u9MXpjVE,strength,"[""upper-body""]"
328,Pushup,https://www.youtube.com/watch?v=BBICcn-DK-Y,strength,"[""upper-body""]"
317,Pushup Iso,https://www.youtube.com/watch?v=dOsXlKiFDeU,strength,"[""upper-body""]"
322,Pushup to Single-Arm Support,https://www.youtube.com/watch?v=0kzPi3OHKb8,strength,"[""upper-body""]"
329,Quadruped Extension-Rotation,https://www.youtube.com/watch?v=CM3vi_WHVNY,strength,"[""lower-body""]"
330,Quadruped Rock Back,https://www.youtube.com/watch?v=EVxIu9GcEeA,strength,"[""upper-body"", ""lower-body""]"
327,Rack Pull,https://www.youtube.com/watch?v=8KFbpmwZ-JI,strength,"[""upper-body""]"
302,Rear-Foot-Elevated Barbell Split Squat,https://www.youtube.com/watch?v=j_8z92BlRlE,strength,"[""lower-body""]"
433,Seated Marches,https://www.youtube.com/watch?v=mM5_T-F1Yn4,Cardio,"[""Legs"", ""Core"", ""Full Body""]"
331,Test Band Exercise,https://www.youtube.com/watch?v=TEST123,strength,"[""full-body""]"
31,UPPER VS. LOWER ABS,https://www.youtube.com/watch?v=TAedzLqrNf8,,"[""Full Body""]"
