title,video id,youtube url,filename,tags,primary_movement_pattern
Nowercise Bands Frontal Raises,JKUy1Sd-SFs,https://www.youtube.com/watch?v=JKUy1Sd-SFs,,"Push, ['band']",Push
Ab Wheel Iso,gyhdObhnxjw,https://www.youtube.com/watch?v=gyhdObhnxjw,,"Core, ['Uncategorized']",Core
Alternating Goblet Reverse Lunge With Blocked Knee,mJ1QsjZpw10,https://www.youtube.com/watch?v=mJ1QsjZpw10,,"Squat, ['lower body']",Squat
Adductor Mobilization,mKKPXUWDDFo,https://www.youtube.com/watch?v=mKKPXUWDDFo,,"Accessory, ['Uncategorized']",Accessory
Ab Wheel Iso,oYanDivdClU,https://www.youtube.com/watch?v=oYanDivdClU,,"Core, ['Uncategorized']",Core
Ab Wheel Rollout,qFp5JzdquAI,https://www.youtube.com/watch?v=qFp5JzdquAI,,"Core, ['Uncategorized']",Core
Alternating Dumbell Split Jump,s8jLKMCYriM,https://www.youtube.com/watch?v=s8jLKMCYriM,,"Locomotion, ['cardio']",Locomotion
Nowercise Club Welcome Video,ufM9ohj1P_M,https://www.youtube.com/watch?v=ufM9ohj1P_M,,['Uncategorized'],
Nowercise Bands Static Lunge,yWBiy_88OOk,https://www.youtube.com/watch?v=yWBiy_88OOk,,"'lower body'], Squat, ['band'",Squat
Nowercise Bands Bicep Curl,zG012FFdTTM,https://www.youtube.com/watch?v=zG012FFdTTM,,"'band'], Pull, ['upper body', arm",Pull
App Explainer For Reg_210225,zkMNhKFojv0,https://www.youtube.com/watch?v=zkMNhKFojv0,,['Uncategorized'],
90/90 Wall Balloon-Breathing,fwOUp7Jku0w,https://www.youtube.com/watch?v=fwOUp7Jku0w,,['Uncategorized'],
Nowercise Club Gentle Session 1,LssQd26hyu4,https://www.youtube.com/watch?v=LssQd26hyu4,,['gentle'],
Ab Wheel Rollout,R3jbna-ytkk,https://www.youtube.com/watch?v=R3jbna-ytkk,,"Core, ['Uncategorized']",Core
Alternating Barbell Split Jump,RtkM_vVZh-A,https://www.youtube.com/watch?v=RtkM_vVZh-A,,"Locomotion, ['cardio']",Locomotion
Nowercise Club Intro For Gentle Session,VrS2VlYuLHE,https://www.youtube.com/watch?v=VrS2VlYuLHE,,['gentle'],
Alternating Lateral Lunge Walk,XoKx8eQMElQ,https://www.youtube.com/watch?v=XoKx8eQMElQ,,"Squat, ['lower body']",Squat
Alternating Barbell Split Jump,Y9ASJT-UDNo,https://www.youtube.com/watch?v=Y9ASJT-UDNo,,"Locomotion, ['cardio']",Locomotion
Adductor Mobilization,_LFqmZHQL2g,https://www.youtube.com/watch?v=_LFqmZHQL2g,,"Accessory, ['Uncategorized']",Accessory
Alternating Dumbbell Bench Press,_zbZ-l_Mat8,https://www.youtube.com/watch?v=_zbZ-l_Mat8,,"Push, ['upper body'], upper body",Push
Alternating Bodyweight Split Jump,a91-Vu1u_dI,https://www.youtube.com/watch?v=a91-Vu1u_dI,,"Locomotion, ['cardio']",Locomotion
Alternating Goblet Reverse Lunge With Blocked Knee,EFT7AwCpc4I,https://www.youtube.com/watch?v=EFT7AwCpc4I,,"Squat, ['lower body']",Squat
Alternating Dumbbell Curl,-skLK9YSRus,https://www.youtube.com/watch?v=-skLK9YSRus,,"Pull, ['Uncategorized'], arm",Pull
Alternating Dumbbell Curl,0tNGXZleg24,https://www.youtube.com/watch?v=0tNGXZleg24,,"Pull, ['Uncategorized'], arm",Pull
Nowercise Bands Lateral Raises,3tPQv-adXCA,https://www.youtube.com/watch?v=3tPQv-adXCA,,['band'],
Nowercise Bands Squats,59vBG3vXctI,https://www.youtube.com/watch?v=59vBG3vXctI,,"'lower body'], Squat, ['band'",Squat
Alternating Bodyweight Split Jump,5UXjsnmrgwE,https://www.youtube.com/watch?v=5UXjsnmrgwE,,"Locomotion, ['cardio']",Locomotion
Alternating Dumbell Split Jump,7cVPUk8dXq4,https://www.youtube.com/watch?v=7cVPUk8dXq4,,"Locomotion, ['cardio']",Locomotion
PDF of Nowercise Club Gentle Session2 Deck Presentation,8kKn1NxX1OI,https://www.youtube.com/watch?v=8kKn1NxX1OI,,['gentle'],
Nowercise Bands Chest Press,FU4aRI0mL5w,https://www.youtube.com/watch?v=FU4aRI0mL5w,,"'band'], Push, ['upper body', upper body",Push
Alternating Dumbbell Bench Press,Ho8fA1ju0J0,https://www.youtube.com/watch?v=Ho8fA1ju0J0,,"Push, ['upper body'], upper body",Push
Assisted Reverse Lunge With Blocked Knee,ajHqeSS54n4,https://www.youtube.com/watch?v=ajHqeSS54n4,,"Squat, ['lower body']",Squat
Assisted Lateral Squat,hTsWrA9PSHA,https://www.youtube.com/watch?v=hTsWrA9PSHA,,"Squat, ['lower body']",Squat
Band Press-Down,amC_ncSPjZY,https://www.youtube.com/watch?v=amC_ncSPjZY,,"'band'], Push, ['upper body', upper body",Push
Band Stomp,bFufUNtLqUw,https://www.youtube.com/watch?v=bFufUNtLqUw,,['band'],
Assisted Bodyweight Squat to Box,e51lkr3K20M,https://www.youtube.com/watch?v=e51lkr3K20M,,"Squat, ['lower body']",Squat
Band-Assisted Inverted Row,eOCUW63XeO8,https://www.youtube.com/watch?v=eOCUW63XeO8,,"'band'], Pull, ['upper body', arm",Pull
Band Pull-Apart,liaxBZIdP7g,https://www.youtube.com/watch?v=liaxBZIdP7g,,"'band'], Pull, ['upper body', arm",Pull
Band-Assisted Pull-Up,nWUU6LfApv0,https://www.youtube.com/watch?v=nWUU6LfApv0,,"'band'], Pull, ['upper body', arm",Pull
Band-Resisted Glute Bridge,MhhC2E1zZ_E,https://www.youtube.com/watch?v=MhhC2E1zZ_E,,"'lower body'], Hinge, ['band'",Hinge
Band-Assisted Chin-Up,T2fqfULPj2I,https://www.youtube.com/watch?v=T2fqfULPj2I,,['band'],
Band-Assisted Neutral-Grip Pull-Up,03DDGXj-9ZA,https://www.youtube.com/watch?v=03DDGXj-9ZA,,"'band'], Pull, ['upper body', arm",Pull
Anderson Front Squat,47kDGTflr20,https://www.youtube.com/watch?v=47kDGTflr20,,"Squat, ['lower body']",Squat
Band-Resisted Ab Wheel Iso,9z8dtaNz4EA,https://www.youtube.com/watch?v=9z8dtaNz4EA,,"Core, ['band']",Core
Band-Assisted Pushup,IczycfOOBck,https://www.youtube.com/watch?v=IczycfOOBck,,"'band'], Push, ['upper body', upper body",Push
Barbell Sumo Deadlift,ogkdhWVfjIE,https://www.youtube.com/watch?v=ogkdhWVfjIE,,"Hinge, ['lower body']",Hinge
Bodyweight Squat Thrust,vg6p96rE5PU,https://www.youtube.com/watch?v=vg6p96rE5PU,,"Squat, ['lower body']",Squat
Bird Dog,SszoTQs6q9Y,https://www.youtube.com/watch?v=SszoTQs6q9Y,,"Core, ['Uncategorized']",Core
Barbell Slideboard Reverse Lunge,TQN7Kna-4U4,https://www.youtube.com/watch?v=TQN7Kna-4U4,,"Squat, ['lower body']",Squat
Barbell Split Squat,X2ma6SANyZk,https://www.youtube.com/watch?v=X2ma6SANyZk,,"Squat, ['lower body']",Squat
Bodyweight Squat to Box,YC1s3RMGS8M,https://www.youtube.com/watch?v=YC1s3RMGS8M,,"Squat, ['lower body']",Squat
Bodyweight Cross-Over Step-Up,_EaSo93jnXU,https://www.youtube.com/watch?v=_EaSo93jnXU,,['Uncategorized'],
Bodyweight Reverse Lunge With Blocked Knee,cv-B2kJanb0,https://www.youtube.com/watch?v=cv-B2kJanb0,,"Squat, ['lower body']",Squat
Barbell Push Press,g4jjxrpgLHM,https://www.youtube.com/watch?v=g4jjxrpgLHM,,"Push, ['upper body'], upper body",Push
Barbell Reverse Lunge,iHLQoQBcvVE,https://www.youtube.com/watch?v=iHLQoQBcvVE,,"Squat, ['lower body']",Squat
Bent-Over Dumbbell Row,5YG4RuyoxcM,https://www.youtube.com/watch?v=5YG4RuyoxcM,,"Pull, ['upper body'], arm",Pull
Barbell Reverse Lunge With a Front Squat Grip,5m9QxcThhxE,https://www.youtube.com/watch?v=5m9QxcThhxE,,"Squat, ['lower body']",Squat
Bodyweight Split Squat With Blocked Knee,5mAx_tzQLIw,https://www.youtube.com/watch?v=5mAx_tzQLIw,,"Squat, ['lower body']",Squat
Bodyweight Get-Up,9OZv39ct-7o,https://www.youtube.com/watch?v=9OZv39ct-7o,,['Uncategorized'],
Barbell Romanian Deadlift,BW0Kh9DyDPE,https://www.youtube.com/watch?v=BW0Kh9DyDPE,,"Hinge, ['lower body']",Hinge
Bodyweight Step-Up,Id-aJcXX8s8,https://www.youtube.com/watch?v=Id-aJcXX8s8,,['Uncategorized'],
Bear Crawl,PC-RHLa9mmA,https://www.youtube.com/watch?v=PC-RHLa9mmA,,['Uncategorized'],
Bodyweight Lateral Lunge With Assistance,PWBPeCl6CoI,https://www.youtube.com/watch?v=PWBPeCl6CoI,,"Squat, ['lower body']",Squat
Bodyweight Lateral Squat,PuLp7QAV6ZI,https://www.youtube.com/watch?v=PuLp7QAV6ZI,,"Squat, ['lower body']",Squat
Barbell Overhead Shrug,RsAYW2o36CA,https://www.youtube.com/watch?v=RsAYW2o36CA,,"Push, ['Uncategorized'], stability",Push
Cross-Body Lat Mobilization,fN1HoWcrhMM,https://www.youtube.com/watch?v=fN1HoWcrhMM,,['Uncategorized'],
Close-Grip Barbell Bench Press,iF0TFR72904,https://www.youtube.com/watch?v=iF0TFR72904,,"Push, ['upper body'], upper body",Push
Brady Band Series - Without Band,jbFQl49isI4,https://www.youtube.com/watch?v=jbFQl49isI4,,['band'],
Brady Band Series,kzBvYQTadIo,https://www.youtube.com/watch?v=kzBvYQTadIo,,['band'],
Dumbbell Overhead Shrug,lLlTDqZ2cy0,https://www.youtube.com/watch?v=lLlTDqZ2cy0,,"Push, ['Uncategorized'], stability",Push
Cable External Rotation at 30 Degrees Abduction,ogBNjiziPXk,https://www.youtube.com/watch?v=ogBNjiziPXk,,"Core, ['core'], stability",Core
Chest-Supported Dumbbell Row,uvx76WZG1rM,https://www.youtube.com/watch?v=uvx76WZG1rM,,"Pull, ['upper body'], arm",Pull
Dumbbell Flye EQI,wbkyEWHiTcM,https://www.youtube.com/watch?v=wbkyEWHiTcM,,['Uncategorized'],
Dead Bug,xx6Atwy3DoY,https://www.youtube.com/watch?v=xx6Atwy3DoY,,"['Uncategorized'], core",
Dumbbell Hammer Curl,yAb_ydjrCLg,https://www.youtube.com/watch?v=yAb_ydjrCLg,,"Pull, ['Uncategorized'], arm",Pull
Close-Grip Pushup,HxLKq0R0Gw4,https://www.youtube.com/watch?v=HxLKq0R0Gw4,,"Push, ['upper body'], upper body",Push
Deep Squat Wall Stretch,Ny1wjk-HpkE,https://www.youtube.com/watch?v=Ny1wjk-HpkE,,"'lower body'], Squat, ['mobility'",Squat
Dragon Flag,NywaYUkJ-n0,https://www.youtube.com/watch?v=NywaYUkJ-n0,,['Uncategorized'],
Dumbbell Push Press,Oiu1F14Ayho,https://www.youtube.com/watch?v=Oiu1F14Ayho,,"Push, ['upper body'], upper body",Push
Dumbbell Reverse Lunge,TEzLNj4pcV0,https://www.youtube.com/watch?v=TEzLNj4pcV0,,"Squat, ['lower body']",Squat
Dead Bug With Legs Only,U95OOYfkPXU,https://www.youtube.com/watch?v=U95OOYfkPXU,,"['Uncategorized'], core",
Chest-Supported Dumbbell Row Iso,X5TD5xdKTu0,https://www.youtube.com/watch?v=X5TD5xdKTu0,,"Pull, ['upper body'], arm",Pull
Dumbbell Floor Press,YubE9M8Ui34,https://www.youtube.com/watch?v=YubE9M8Ui34,,"'floor'], Push, ['upper body', upper body",Push
Cable External Rotation on Knee,_wJ04msDU0g,https://www.youtube.com/watch?v=_wJ04msDU0g,,"Core, ['core'], stability",Core
Chin-Up,KJnnqBMJjj8,https://www.youtube.com/watch?v=KJnnqBMJjj8,,['Uncategorized'],
Dumbbell Bench Press,39DbpHmHUlA,https://www.youtube.com/watch?v=39DbpHmHUlA,,"Push, ['upper body'], upper body",Push
Dumbbell Curl,3BllABOTtic,https://www.youtube.com/watch?v=3BllABOTtic,,"Pull, ['Uncategorized'], arm",Pull
Burpee Without Pushup,5OXmnzGFClU,https://www.youtube.com/watch?v=5OXmnzGFClU,,"'cardio'], Push, ['upper body', upper body",Push
Cable External Rotation at 90 Degrees Abduction,6MfGggayWVQ,https://www.youtube.com/watch?v=6MfGggayWVQ,,"Core, ['core'], stability",Core
Cable Pull-Down,76IhGAie_BI,https://www.youtube.com/watch?v=76IhGAie_BI,,"Pull, ['upper body'], arm",Pull
Dumbbell External Rotation on Knee,A4vw566sOQU,https://www.youtube.com/watch?v=A4vw566sOQU,,"['core'], stability",
Burpee,BuY1rvqXTsw,https://www.youtube.com/watch?v=BuY1rvqXTsw,,['cardio'],
Dumbbell Cross-Over Step-Up,E8m2rZugLt8,https://www.youtube.com/watch?v=E8m2rZugLt8,,['Uncategorized'],
Bowler Squat,Eh1K71L3IwI,https://www.youtube.com/watch?v=Eh1K71L3IwI,,"Squat, ['lower body']",Squat
Dumbbell Full Squat,FGr3e9QJTzE,https://www.youtube.com/watch?v=FGr3e9QJTzE,,"Squat, ['lower body']",Squat
Feet-Elevated Band-Resisted Pushup,dzclirx8a6E,https://www.youtube.com/watch?v=dzclirx8a6E,,"'band'], Push, ['upper body', upper body",Push
Dumbbell Reverse Lunge From Deficit,e9AtoZ1iWD4,https://www.youtube.com/watch?v=e9AtoZ1iWD4,,"Squat, ['lower body']",Squat
Goblet Squat,fS9Pt1IXqb4,https://www.youtube.com/watch?v=fS9Pt1IXqb4,,"Squat, ['lower body']",Squat
Goblet Lunge,gMrYuoxjN38,https://www.youtube.com/watch?v=gMrYuoxjN38,,"Squat, ['lower body']",Squat
Face Pull,l8HomIMKAaw,https://www.youtube.com/watch?v=l8HomIMKAaw,,"Pull, ['upper body'], arm",Pull
Feet-Elevated Pushup,nDw9lP8SvIk,https://www.youtube.com/watch?v=nDw9lP8SvIk,,"Push, ['upper body'], upper body",Push
Goblet Lateral Lunge Walk,oLHMYvkKAyE,https://www.youtube.com/watch?v=oLHMYvkKAyE,,"Squat, ['lower body']",Squat
Forearm Wall-Slide at 135 Degrees,qYYyC_oIwUY,https://www.youtube.com/watch?v=qYYyC_oIwUY,,['upper body'],
Goblet Reverse Lunge,syZu1ufoMhk,https://www.youtube.com/watch?v=syZu1ufoMhk,,"Squat, ['lower body']",Squat
Explosive Pushup,tvAKMvYw9rk,https://www.youtube.com/watch?v=tvAKMvYw9rk,,"Push, ['upper body'], upper body",Push
Dumbbell Squat Thrust,MvP2r-bnhd8,https://www.youtube.com/watch?v=MvP2r-bnhd8,,"Squat, ['lower body']",Squat
Dumbbell Split Squat,N6GPA5FB_n8,https://www.youtube.com/watch?v=N6GPA5FB_n8,,"Squat, ['lower body']",Squat
Dynamic Blackburn,Pru2Wo2nmpk,https://www.youtube.com/watch?v=Pru2Wo2nmpk,,['Uncategorized'],
Elbow Plank Bodysaw,S8cRYEgb-JI,https://www.youtube.com/watch?v=S8cRYEgb-JI,,"Core, ['core']",Core
Dumbbell Sumo Deadlift,UPs2GvQSZ2U,https://www.youtube.com/watch?v=UPs2GvQSZ2U,,"Hinge, ['lower body']",Hinge
Fetal-Position Breathing,UYxoElmDeio,https://www.youtube.com/watch?v=UYxoElmDeio,,['Uncategorized'],
Dumbbell Slideboard Reverse Lunge,arK9PURbeuI,https://www.youtube.com/watch?v=arK9PURbeuI,,"Squat, ['lower body']",Squat
Goblet Reverse Lunge With Blocked Knee,bcpGpUqpDyM,https://www.youtube.com/watch?v=bcpGpUqpDyM,,"Squat, ['lower body']",Squat
Goblet Lateral Lunge,c8bqYeHQi3c,https://www.youtube.com/watch?v=c8bqYeHQi3c,,"Squat, ['lower body']",Squat
Dumbbell Step-Up,cd21zwyH7p4,https://www.youtube.com/watch?v=cd21zwyH7p4,,['Uncategorized'],
Goblet Split Squat,-FTDMjHFMqo,https://www.youtube.com/watch?v=-FTDMjHFMqo,,"Squat, ['lower body']",Squat
Dumbbell Romanian Deadlift,4Q1fbpevyug,https://www.youtube.com/watch?v=4Q1fbpevyug,,"Hinge, ['lower body']",Hinge
Feet-Elevated Pushup to Single-Arm Support,CMKmUC6QJ6s,https://www.youtube.com/watch?v=CMKmUC6QJ6s,,"Push, ['upper body'], upper body",Push
Eccentric Pull-Up,CRHxbHDMJAk,https://www.youtube.com/watch?v=CRHxbHDMJAk,,"Pull, ['upper body'], arm",Pull
Eccentric Chin-Up,DNGHZrADXKQ,https://www.youtube.com/watch?v=DNGHZrADXKQ,,['Uncategorized'],
Goblet Lateral Squat,GKbuxJEIeeo,https://www.youtube.com/watch?v=GKbuxJEIeeo,,"Squat, ['lower body']",Squat
Goblet Split Squat With Blocked Knee,HOSLM_P-5Rs,https://www.youtube.com/watch?v=HOSLM_P-5Rs,,"Squat, ['lower body']",Squat
Feet-Elevated Side Plank,Jx-ba4YDguM,https://www.youtube.com/watch?v=Jx-ba4YDguM,,"Core, ['core']",Core
Dumbbell Reverse Lunge to Romanian Deadlift,LSHRaS9UXnI,https://www.youtube.com/watch?v=LSHRaS9UXnI,,"Squat, ['lower body']",Squat
Dumbbell Reverse Lunge With Blocked Knee,MWQEv3IeByI,https://www.youtube.com/watch?v=MWQEv3IeByI,,"Squat, ['lower body']",Squat
Half-Kneeling Cable Lift,fJK7KEwxoz4,https://www.youtube.com/watch?v=fJK7KEwxoz4,,"Core, ['Uncategorized']",Core
Hanging Anti-Lateral Flexion,fKLW-UcfM9A,https://www.youtube.com/watch?v=fKLW-UcfM9A,,['Uncategorized'],
Inchworm,pIeka0plSc4,https://www.youtube.com/watch?v=pIeka0plSc4,,['Uncategorized'],
Hands-Elevated Pushup,qOR_PSePvhU,https://www.youtube.com/watch?v=qOR_PSePvhU,,"Push, ['upper body'], upper body",Push
Half Get-Up,ryl9c9h-fng,https://www.youtube.com/watch?v=ryl9c9h-fng,,['Uncategorized'],
Goblet Squat With Pulse,s4Al9zNsu78,https://www.youtube.com/watch?v=s4Al9zNsu78,,"Squat, ['lower body']",Squat
Goblet Squat to Box,sR0u2hustt8,https://www.youtube.com/watch?v=sR0u2hustt8,,"Squat, ['lower body']",Squat
Knees-to-Feet Drill,tLf_ffpewaE,https://www.youtube.com/watch?v=tLf_ffpewaE,,['Uncategorized'],
Hamstring Mobilization With Lacrosse Ball,xPN8N2Mvv_o,https://www.youtube.com/watch?v=xPN8N2Mvv_o,,['lower body'],
Half-Kneeling Band Overhead Shrug,yFg1Tzx1koc,https://www.youtube.com/watch?v=yFg1Tzx1koc,,"Push, ['band'], stability",Push
Half-Kneeling Pallof Press Iso With Band,UBv-aN6sXwA,https://www.youtube.com/watch?v=UBv-aN6sXwA,,"'band'], Push, ['upper body', upper body",Push
Inverted Row With Weight Vest,UaMZVlyU4w8,https://www.youtube.com/watch?v=UaMZVlyU4w8,,"Pull, ['upper body'], arm",Pull
Kettlebell Split Squat With Blocked Knee,XvY9j3Vb9dA,https://www.youtube.com/watch?v=XvY9j3Vb9dA,,"Squat, ['lower body']",Squat
Hanging Unilateral March,YfIZB8WV0Ug,https://www.youtube.com/watch?v=YfIZB8WV0Ug,,['Uncategorized'],
Goblet Step-Up,ZCW7_vinda4,https://www.youtube.com/watch?v=ZCW7_vinda4,,['Uncategorized'],
Half-Kneeling Band Chop,b-9Npg9n7xI,https://www.youtube.com/watch?v=b-9Npg9n7xI,,"Locomotion, ['band']",Locomotion
Inverted Row With Feet Elevated,c57I5P2b2MU,https://www.youtube.com/watch?v=c57I5P2b2MU,,"Pull, ['upper body'], arm",Pull
Half-Kneeling Band Lift,cXFm-nXqAfU,https://www.youtube.com/watch?v=cXFm-nXqAfU,,['band'],
Half-Kneeling Cable Chop,cr9jrIcbpKA,https://www.youtube.com/watch?v=cr9jrIcbpKA,,"Core, ['Uncategorized']",Core
Landmine Rainbow,d4wjS9dV92c,https://www.youtube.com/watch?v=d4wjS9dV92c,,['Uncategorized'],
Inverted Row,4NFyOKkwuwk,https://www.youtube.com/watch?v=4NFyOKkwuwk,,"Pull, ['upper body'], arm",Pull
Half-Kneeling Pallof Press Iso,6IvdIMlDPpI,https://www.youtube.com/watch?v=6IvdIMlDPpI,,"Push, ['upper body'], upper body",Push
Hinge to Side Plank,8aFSBYY2jZU,https://www.youtube.com/watch?v=8aFSBYY2jZU,,"Core, ['core']",Core
Kettlebell Armbar,EVr1mYdf07k,https://www.youtube.com/watch?v=EVr1mYdf07k,,['upper body'],
Hand Cross-Over,HeVjHXbb_NU,https://www.youtube.com/watch?v=HeVjHXbb_NU,,['Uncategorized'],
Hip Flexor Stretch,OzjTfWmv_G8,https://www.youtube.com/watch?v=OzjTfWmv_G8,,['mobility'],
Lat and Triceps Stretch,PyH4yST4KQo,https://www.youtube.com/watch?v=PyH4yST4KQo,,"'mobility'], Accessory, ['upper body'",Accessory
Hands-Elevated Pushup to Single-Arm Support,QLhnoWWZnpQ,https://www.youtube.com/watch?v=QLhnoWWZnpQ,,"Push, ['upper body'], upper body",Push
Goblet Squat Iso,S7S3npfdAN0,https://www.youtube.com/watch?v=S7S3npfdAN0,,"Squat, ['lower body']",Squat
Hip-Belt Squat,SszFIz-UmI4,https://www.youtube.com/watch?v=SszFIz-UmI4,,"Squat, ['lower body']",Squat
Overhead Dumbbell Reverse Lunge,fDORXDuuKoc,https://www.youtube.com/watch?v=fDORXDuuKoc,,"Squat, ['lower body']",Squat
Offset Dumbbell Reverse Lunge,fdNXnmxGFrc,https://www.youtube.com/watch?v=fdNXnmxGFrc,,"Squat, ['lower body']",Squat
Offset Dumbbell Slideboard Reverse Lunge,kJkBNNd_x5s,https://www.youtube.com/watch?v=kJkBNNd_x5s,,"Squat, ['lower body']",Squat
Overhead Offset Dumbbell Reverse Lunge,kadMOuaLhns,https://www.youtube.com/watch?v=kadMOuaLhns,,"Squat, ['lower body']",Squat
Overhead Dumbbell Reverse Lunge From Deficit,kwSwI1oMrto,https://www.youtube.com/watch?v=kwSwI1oMrto,,"Squat, ['lower body']",Squat
No Money Drill,rfMi6vEoNU4,https://www.youtube.com/watch?v=rfMi6vEoNU4,,['Uncategorized'],
Offset Dumbbell Reverse Lunge to Romanian Deadlift,valYc-8h84E,https://www.youtube.com/watch?v=valYc-8h84E,,"Squat, ['lower body']",Squat
Pallof Press,w3zdDRPKuTI,https://www.youtube.com/watch?v=w3zdDRPKuTI,,"Push, ['upper body'], upper body",Push
Lying Dumbbell Tricep Extension,wjlT8bwtXps,https://www.youtube.com/watch?v=wjlT8bwtXps,,"'floor'], Accessory, ['upper body'",Accessory
Overhead Barbell Squat,zzw2lWmAXpI,https://www.youtube.com/watch?v=zzw2lWmAXpI,,"Squat, ['lower body']",Squat
Overhead Band Pallof Press,cYIbn2rziA0,https://www.youtube.com/watch?v=cYIbn2rziA0,,"'band'], Push, ['upper body', upper body",Push
Pallof Press Iso,SBS6Dy7PzkQ,https://www.youtube.com/watch?v=SBS6Dy7PzkQ,,"Push, ['upper body'], upper body",Push
Neutral-Grip Cable Pull-Down,SUgbpUXubN0,https://www.youtube.com/watch?v=SUgbpUXubN0,,"Pull, ['upper body'], arm",Pull
Overhead Band Tricep Extension,S_hHulsoFls,https://www.youtube.com/watch?v=S_hHulsoFls,,"'band'], Push, ['upper body'",Push
Neutral-Grip Seated Cable Row,VNe-jLYtgSI,https://www.youtube.com/watch?v=VNe-jLYtgSI,,"'chair'], Pull, ['upper body', arm",Pull
Lying Dumbbell Rolling Triceps Extension,XGqbxlCwwbY,https://www.youtube.com/watch?v=XGqbxlCwwbY,,"'floor'], Accessory, ['upper body'",Accessory
Offset Dumbbell Reverse Lunge From Deficit,XePCAXQ_Ipg,https://www.youtube.com/watch?v=XePCAXQ_Ipg,,"Squat, ['lower body']",Squat
Offset Dumbbell Reverse Lunge With Blocked Knee,Y8VgGiWMN2U,https://www.youtube.com/watch?v=Y8VgGiWMN2U,,"Squat, ['lower body']",Squat
Overhead Band Press,ZkMRsMnqRLY,https://www.youtube.com/watch?v=ZkMRsMnqRLY,,"'band'], Push, ['upper body', upper body",Push
Lateral Lunge With Overhead Driver,_12KPcJG6TY,https://www.youtube.com/watch?v=_12KPcJG6TY,,"Squat, ['lower body']",Squat
Overhead Broomstick Squat,1ZWx9EA4ZQM,https://www.youtube.com/watch?v=1ZWx9EA4ZQM,,"Squat, ['lower body']",Squat
Offset Dumbbell Step-Up,1_MiOXVw2iA,https://www.youtube.com/watch?v=1_MiOXVw2iA,,['Uncategorized'],
Pallof Press Iso With Band,5DuwWZAZlVs,https://www.youtube.com/watch?v=5DuwWZAZlVs,,"'band'], Push, ['upper body', upper body",Push
Offset Dumbbell Split Squat,DNEGytCJOT8,https://www.youtube.com/watch?v=DNEGytCJOT8,,"Squat, ['lower body']",Squat
Mountain Climber,DffflppSgog,https://www.youtube.com/watch?v=DffflppSgog,,['Uncategorized'],
Long-Lever Plank,HSU6YwLK_Bo,https://www.youtube.com/watch?v=HSU6YwLK_Bo,,"Core, ['core']",Core
Overhead Cable Tricep Extension,IiGdKM4jXp8,https://www.youtube.com/watch?v=IiGdKM4jXp8,,"Push, ['upper body']",Push
Neutral-Grip Seated Band Row,Oghg2Ob1oRU,https://www.youtube.com/watch?v=Oghg2Ob1oRU,,"'band'], 'chair', Pull, ['upper body', arm",Pull
Offset Dumbbell Cross-Over Step-Up,Ears5yS8SPs,https://www.youtube.com/watch?v=Ears5yS8SPs,,['Uncategorized'],
Neutral-Grip Pull-Up,NCJwj8qRHsw,https://www.youtube.com/watch?v=NCJwj8qRHsw,,"Pull, ['upper body'], arm",Pull
Plank,jKviAG_oLYM,https://www.youtube.com/watch?v=jKviAG_oLYM,,"Core, ['core']",Core
Rear-Foot-Elevated Barbell Split Squat,j_8z92BlRlE,https://www.youtube.com/watch?v=j_8z92BlRlE,,"Squat, ['lower body']",Squat
Piriformis Mobilization,pQRnfeMyj5A,https://www.youtube.com/watch?v=pQRnfeMyj5A,,['Uncategorized'],
Pallof Press to Overhead,pybT2pfn73M,https://www.youtube.com/watch?v=pybT2pfn73M,,"Push, ['upper body'], upper body",Push
Prone Y Raise,sThPvGMLpm8,https://www.youtube.com/watch?v=sThPvGMLpm8,,['Uncategorized'],
"Reach, Rock, Lift",vvDba-F5xsM,https://www.youtube.com/watch?v=vvDba-F5xsM,,['Uncategorized'],
Pec Minor Broomstick Mobilization,waVRS7YFsKc,https://www.youtube.com/watch?v=waVRS7YFsKc,,['Uncategorized'],
Prone T Raise,wfm7P7RSY4U,https://www.youtube.com/watch?v=wfm7P7RSY4U,,['Uncategorized'],
Pec Mobilization With Lacrosse Ball,xcwhM-kg5io,https://www.youtube.com/watch?v=xcwhM-kg5io,,['Uncategorized'],
Prone Row to External Rotation,xsvemSPwZro,https://www.youtube.com/watch?v=xsvemSPwZro,,"'core'], Pull, ['upper body', arm, stability",Pull
Prone Hip Internal Rotation,Q7Q41TgHx54,https://www.youtube.com/watch?v=Q7Q41TgHx54,,"['core'], stability",
Pallof Press With Band,TU1wnh8twi8,https://www.youtube.com/watch?v=TU1wnh8twi8,,"'band'], Push, ['upper body', upper body",Push
Prisoner Squat,UvUu9jqo3Vs,https://www.youtube.com/watch?v=UvUu9jqo3Vs,,"Squat, ['lower body']",Squat
Plate Squat,VUZl9MxaVTI,https://www.youtube.com/watch?v=VUZl9MxaVTI,,"Squat, ['lower body']",Squat
Pronated-Grip Seated Cable Row,WKBCqdDtxDY,https://www.youtube.com/watch?v=WKBCqdDtxDY,,"'chair'], Pull, ['upper body', arm",Pull
Partial-Range Pushup,_pn0Kfqtc68,https://www.youtube.com/watch?v=_pn0Kfqtc68,,"Push, ['upper body'], upper body",Push
Pushup Iso,dOsXlKiFDeU,https://www.youtube.com/watch?v=dOsXlKiFDeU,,"Push, ['upper body'], upper body",Push
Pronated-Grip Seated Band Row,fZ1ACnvKz7c,https://www.youtube.com/watch?v=fZ1ACnvKz7c,,"'band'], 'chair', Pull, ['upper body', arm",Pull
Pull-Up,iEDMx09Ij6U,https://www.youtube.com/watch?v=iEDMx09Ij6U,,"Pull, ['upper body'], arm",Pull
Prone YTI,imRg9DVg9ck,https://www.youtube.com/watch?v=imRg9DVg9ck,,['Uncategorized'],
Pull-Up With Iso,-g2u9MXpjVE,https://www.youtube.com/watch?v=-g2u9MXpjVE,,"Pull, ['upper body'], arm",Pull
Pushup to Single-Arm Support,0kzPi3OHKb8,https://www.youtube.com/watch?v=0kzPi3OHKb8,,"Push, ['upper body'], upper body",Push
Plank Arm March,3O9hGnISlEs,https://www.youtube.com/watch?v=3O9hGnISlEs,,"'core'], Core, ['upper body'",Core
Pigeon Stretch,3lrmHhmJhqk,https://www.youtube.com/watch?v=3lrmHhmJhqk,,['mobility'],
Prone Hip-Flexed Rocking,5iIvO-e-3zw,https://www.youtube.com/watch?v=5iIvO-e-3zw,,['Uncategorized'],
Prone Hip External Rotation,6qd5LJnWe9E,https://www.youtube.com/watch?v=6qd5LJnWe9E,,"['core'], stability",
Rack Pull,8KFbpmwZ-JI,https://www.youtube.com/watch?v=8KFbpmwZ-JI,,"Pull, ['upper body'], arm",Pull
Pushup,BBICcn-DK-Y,https://www.youtube.com/watch?v=BBICcn-DK-Y,,"Push, ['upper body'], upper body",Push
Quadruped Extension-Rotation,CM3vi_WHVNY,https://www.youtube.com/watch?v=CM3vi_WHVNY,,"'lower body'], ['core', stability",
Quadruped Rock Back,EVxIu9GcEeA,https://www.youtube.com/watch?v=EVxIu9GcEeA,,['lower body'],
Banded External Rotation at 30 Degrees Abduction,sVs234-ruyM,https://www.youtube.com/watch?v=sVs234-ruyM,,"'core'], Core, ['band', stability",Core
Barbell Bench Press From Pins,sXjD8sfUGlg,https://www.youtube.com/watch?v=sXjD8sfUGlg,,"Push, ['upper body'], upper body",Push
Banded Scapular Protraction,siub6CnhOPw,https://www.youtube.com/watch?v=siub6CnhOPw,,['band'],
Band-Resisted Scapular Pushup,tteASE_vcQk,https://www.youtube.com/watch?v=tteASE_vcQk,,"'band'], Push, ['upper body', upper body",Push
Band-Resisted Pushup,u7QnowXDjYE,https://www.youtube.com/watch?v=u7QnowXDjYE,,"'band'], Push, ['upper body', upper body",Push
Barbell Glute Bridge,V3gvnSlNQmk,https://www.youtube.com/watch?v=V3gvnSlNQmk,,"Hinge, ['lower body']",Hinge
Banded Face Pull,fgSbZJ_XHfA,https://www.youtube.com/watch?v=fgSbZJ_XHfA,,"'band'], Pull, ['upper body', arm",Pull
Barbell Curl,m9_ToHglpjE,https://www.youtube.com/watch?v=m9_ToHglpjE,,"Pull, ['Uncategorized'], arm",Pull
Band-Resisted Ring Pushup,o2IpgYPmSyY,https://www.youtube.com/watch?v=o2IpgYPmSyY,,"'band'], Push, ['upper body', upper body",Push
Barbell Box Squat,R2By3KfMc58,https://www.youtube.com/watch?v=R2By3KfMc58,,"Squat, ['lower body']",Squat
Banded No Money,Tqu3_D00h2E,https://www.youtube.com/watch?v=Tqu3_D00h2E,,['band'],
Barbell Deadlift,W6oP5xJHkFQ,https://www.youtube.com/watch?v=W6oP5xJHkFQ,,"Hinge, ['lower body']",Hinge
Band-Resisted Goblet Squat,biOKxrfbdlY,https://www.youtube.com/watch?v=biOKxrfbdlY,,"'lower body'], Squat, ['band'",Squat
Banded Hip Extension,j0FCrPUuvcM,https://www.youtube.com/watch?v=j0FCrPUuvcM,,['band'],
Barbell Front Squat Iso,lIBNIzsWGTM,https://www.youtube.com/watch?v=lIBNIzsWGTM,,"Squat, ['lower body']",Squat
Band-Resisted Pull-Up,1TJKSq9TcXI,https://www.youtube.com/watch?v=1TJKSq9TcXI,,"'band'], Pull, ['upper body', arm",Pull
Barbell Front Squat,ABg7luSIogM,https://www.youtube.com/watch?v=ABg7luSIogM,,"Squat, ['lower body']",Squat
Banded Curl,AVYsCQ_iGzs,https://www.youtube.com/watch?v=AVYsCQ_iGzs,,"Pull, ['band'], arm",Pull
Barbell Back Squat,CuEc33hWb4Y,https://www.youtube.com/watch?v=CuEc33hWb4Y,,"Squat, ['lower body']",Squat
Banded Pull-Down,FwkJXHGYk8o,https://www.youtube.com/watch?v=FwkJXHGYk8o,,"'band'], Pull, ['upper body', arm",Pull
Barbell Floor Press,JJPQIXP1EWk,https://www.youtube.com/watch?v=JJPQIXP1EWk,,"'floor'], Push, ['upper body', upper body",Push
Barbell Front Squat to Box,KZXxiUAqqh8,https://www.youtube.com/watch?v=KZXxiUAqqh8,,"Squat, ['lower body']",Squat
Banded External Rotation at 90 Degrees Abduction,M4uQkI7bHI8,https://www.youtube.com/watch?v=M4uQkI7bHI8,,"'core'], Core, ['band', stability",Core
Barbell Bench Press,ONjwKPYiG4w,https://www.youtube.com/watch?v=ONjwKPYiG4w,,"Push, ['upper body'], upper body",Push
Band-Resisted Squat,QPVj9zvDgpw,https://www.youtube.com/watch?v=QPVj9zvDgpw,,"'lower body'], Squat, ['band'",Squat
Barbell Hip Thrust,56Knh4AdxEI,https://www.youtube.com/watch?v=56Knh4AdxEI,,['Uncategorized'],
